{
 "signatures": [
  {
   "keyid": "f93cfcf33d335ff43654ec6047e0a18dd5595ee3de53136b94c9c756788a0f97",
   "method": "ed25519",
   "sig": "48c00cd9fa7a368e75a746f6735101fa716b7e7f6f1c8e0b8db1c76ded6b203721bad48e79eddc9577359829aea3e40ea8810e541a123df3b03db9528142980b"
  }
 ],
 "signed": {
  "_type": "Snapshot",
  "expires": "2017-08-02T18:03:04Z",
  "meta": {
   "root.json": {
    "hashes": {
     "sha256": "969353b1aeac759ff8964b7d90c643dc2c0473138d4a3d850a8cf8eb43d4be07"
    },
    "length": 2120,
    "version": 1
   },
   "targets.json": {
    "version": 1
   }
  },
  "version": 1
 }
}