{
 "signatures": [
  {
   "keyid": "630cf584f392430b2119a4395e39624e86f5e5c5374507a789be5cf35bf090d6",
   "method": "ed25519",
   "sig": "2ea3c13aa84bcd02b925f46473fa22329b21130ac3550b8e1f6927dc009422973eaa13e3a98794b46cc24df45a7511f2853ee773f2b2a3a24524030db3037906"
  }
 ],
 "signed": {
  "_type": "Targets",
  "delegations": {
   "keys": {},
   "roles": []
  },
  "expires": "2017-10-26T01:30:14Z",
  "targets": {
   "/TCU1.1.txt": {
    "custom": {
     "ecu_serial": "TCUdemocar",
     "hardware_id": "tcu",
     "release_counter": 1
    },
    "hashes": {
     "sha256": "56d7cd56a85e34e40d005e1f79c0e95d6937d5528ac0b301dbe68d57e03a5c21",
     "sha512": "94d7419b8606103f363aa17feb875575a978df8e88038ea284ff88d90e534eaa7218040384b19992cc7866f5eca803e1654c9ccdf3b250d6198b3c4731216db4"
    },
    "length": 17
   }
  },
  "version": 1
 }
}