{
 "signatures": [
  {
   "keyid": "da9c65c96c5c4072f6984f7aa81216d776aca6664d49cb4dfafbc7119320d9cc",
   "method": "ed25519",
   "sig": "2b337cfea6382e08b9e2bbbb1873a263bd3cdd7720c2ba7238fed801772f39bcc13a964d8c04ff6421bc7c8357abaa32689e96c2adef14206b8ed4708e9be001"
  }
 ],
 "signed": {
  "_type": "Timestamp",
  "expires": "2017-07-27T18:03:04Z",
  "meta": {
   "snapshot.json": {
    "hashes": {
     "sha256": "af91e58912a191aeed10ae7dc99eb5a896e0aaa429b8a0c5c94f7a208c5052fd"
    },
    "length": 594,
    "version": 1
   }
  },
  "version": 1
 }
}