{
 "signatures": [
  {
   "keyid": "aaf05f8d054f8068bf6cb46beed7c824e2560802df462fc8681677586582ca99",
   "method": "ed25519",
   "sig": "84ed9ef845b437a317aa169686575837ef04d764d723dc1e6c73ef961a27a59f3a184fc8d8d38c6ea0d49fbace487e7508c045786c216e79d3fc94f9aecf800e"
  }
 ],
 "signed": {
  "_type": "Snapshot",
  "expires": "2016-10-19T18:39:22Z",
  "meta": {
   "role1.json": {
    "version": 1
   },
   "root.json": {
    "hashes": {
     "sha256": "0281436bd2b0b7e1fe5d40e9d133df64f5f7d33f9be5741e67c37c678438b019"
    },
    "length": 2120,
    "version": 1
   },
   "targets.json": {
    "version": 1
   }
  },
  "version": 1
 }
}