{
 "signatures": [
  {
   "keyid": "c24b457b2ca4b3c2f415efdbbebb914a0d05c5345b9889bda044362589d6f596",
   "method": "ed25519",
   "sig": "e90c009c347d2b8822569f7f6e2228b2840618b1bbbb2e5d1f2e98adbab53e8e560aa60d5c2d27c1c8237a031736eae6583019342be76a48bee4790bcffd8301"
  }
 ],
 "signed": {
  "_type": "Targets",
  "delegations": {
   "keys": {
    "8650aed05799a74f5febc9070c5d3e58d62797662d48062614b1ce0a643ee368": {
     "keyid_hash_algorithms": [
      "sha256",
      "sha512"
     ],
     "keytype": "ed25519",
     "keyval": {
      "public": "c5a78db3f3ba96462525664e502f2e7893b81e7e270d75ffb9a6bb95b56857ca"
     }
    }
   },
   "roles": [
    {
     "backtrack": true,
     "keyids": [
      "8650aed05799a74f5febc9070c5d3e58d62797662d48062614b1ce0a643ee368"
     ],
     "name": "role1",
     "paths": [
      "/file*.txt"
     ],
     "threshold": 1
    }
   ]
  },
  "expires": "2017-01-12T02:06:32Z",
  "targets": {},
  "version": 1
 }
}