{
 "signatures": [
  {
   "keyid": "6fcd9a928358ad8ca7e946325f57ec71d50cb5977a8d02c5ab0de6765fef040a",
   "method": "ed25519",
   "sig": "479f4fa7ce1c769599ea45df9546cf9ec49f9445da9f1ccb554f48905c6a40092039bade8ccc8da2385ab777c3cc3e016b1851f77a0793b7ea3ebfab93106601"
  }
 ],
 "signed": {
  "_type": "Timestamp",
  "expires": "2016-10-13T18:39:22Z",
  "meta": {
   "snapshot.json": {
    "hashes": {
     "sha256": "c6e61b65470b078ac0fe90bb8a775c9784ae855d104e89e8dd7226864a805071"
    },
    "length": 636,
    "version": 1
   }
  },
  "version": 1
 }
}