{
 "signatures": [
  {
   "keyid": "aaf05f8d054f8068bf6cb46beed7c824e2560802df462fc8681677586582ca99",
   "method": "ed25519",
   "sig": "8cb2bff8f52a5aed8979a9c1ebfa047fb4ee58b63830037593bd240ceaafbae274c80c9d59aa3b6fba2bdd6de3c535e3230de2a51509042ca2f7d61523065709"
  }
 ],
 "signed": {
  "_type": "Snapshot",
  "expires": "2037-09-28T12:46:18Z",
  "meta": {
   "root.json": {
    "hashes": {
     "sha256": "69385580f90dcd47d7d309070f65515188d392b41416d1efeb330978b77e4a96"
    },
    "length": 2120,
    "version": 1
   },
   "targets.json": {
    "version": 1
   }
  },
  "version": 1
 }
}