{
 "signatures": [
  {
   "keyid": "aaf05f8d054f8068bf6cb46beed7c824e2560802df462fc8681677586582ca99",
   "method": "ed25519",
   "sig": "8421ce3c764b426f20185c5765b3c2376fd4362046a7038b979be28365a35c09652babee3d9c1665e60fc8023600ebb8d81c9efc98f3e6afd2dae29f1276ee0d"
  }
 ],
 "signed": {
  "_type": "Snapshot",
  "expires": "2037-05-16T17:49:09Z",
  "meta": {
   "root.json": {
    "hashes": {
     "sha256": "1297b1c13d904dab2d9fe5cb52561e3faf623d783c47db3199d7188df343d87c"
    },
    "length": 2120,
    "version": 1
   },
   "targets.json": {
    "version": 1
   }
  },
  "version": 1
 }
}