{
 "signatures": [
  {
   "keyid": "aaf05f8d054f8068bf6cb46beed7c824e2560802df462fc8681677586582ca99",
   "method": "ed25519",
   "sig": "77e68873d2075d3df289fc3686e8dc1bd891d9377711e9457ff2b3909c735874f2e9f9bdea7e775eff96e7cd33bcc1cb5dba1b14b7fdc4dde2b0751d9b83ac0c"
  }
 ],
 "signed": {
  "_type": "Snapshot",
  "expires": "2017-08-02T18:06:50Z",
  "meta": {
   "root.json": {
    "hashes": {
     "sha256": "121fae940d441b7cd2bd3429d3dd93860507329f22e8d14cb5fff2bf2b878ad8"
    },
    "length": 2120,
    "version": 1
   },
   "targets.json": {
    "version": 1
   }
  },
  "version": 1
 }
}