{
 "signatures": [
  {
   "keyid": "6fcd9a928358ad8ca7e946325f57ec71d50cb5977a8d02c5ab0de6765fef040a",
   "method": "ed25519",
   "sig": "ff70d2d8144b64f5bf8c556aa8422776a7bc52c092e3c53ad8c10bfa0b9e5bd5e4049991ad33a4da6abbd41eb6183e81c026a10adf0194f9e27698502c5aa901"
  }
 ],
 "signed": {
  "_type": "Timestamp",
  "expires": "2017-07-27T18:06:50Z",
  "meta": {
   "snapshot.json": {
    "hashes": {
     "sha256": "d7a986ffbd8a49b9eca17988af67cbe8c323408e3c6e107572023fd382b25c79"
    },
    "length": 594,
    "version": 1
   }
  },
  "version": 1
 }
}