{
 "signatures": [
  {
   "keyid": "f93cfcf33d335ff43654ec6047e0a18dd5595ee3de53136b94c9c756788a0f97",
   "method": "ed25519",
   "sig": "22288320a49596b54b3bdaec8399dfe3cea9384a83bb7f73db31b229e1a8e9349b12eb9e122ec1845d13a56852bc6c999c775d00f6a420a97c43a201e0991209"
  }
 ],
 "signed": {
  "_type": "Snapshot",
  "expires": "2018-07-28T03:34:12Z",
  "meta": {
   "root.json": {
    "hashes": {
     "sha256": "dcfb588c8cadab27ad23607c681374fb318c2221f10bfc7c98f3a9746a7e37ab"
    },
    "length": 2120,
    "version": 1
   },
   "targets.json": {
    "version": 1
   }
  },
  "version": 1
 }
}