{
 "signatures": [
  {
   "keyid": "630cf584f392430b2119a4395e39624e86f5e5c5374507a789be5cf35bf090d6",
   "method": "ed25519",
   "sig": "98c1712bbf87191a6d5a62f5b7ac2727340413694dfa61350f7cc57f89d65563d6dc417823ee2f61cc2e698a4dde2c130b129d8c037d65c82eebd41ea82ad40b"
  }
 ],
 "signed": {
  "_type": "Targets",
  "delegations": {
   "keys": {},
   "roles": []
  },
  "expires": "2018-07-28T03:34:12Z",
  "targets": {
   "/BCU1.1.txt": {
    "custom": {
     "ecu_serial": "BCUdemocar",
     "hardware_id": "bcu",
     "release_counter": 0
    },
    "hashes": {
     "sha256": "1eb6fa5c6bb606c5326d6ef0ff05f5fcefde4e50c7daea530978090778b38bf4",
     "sha512": "9727058c2ba828fdd2fc5ae02f52c10e47404283f92df3539989e2ada3cf7e85a9772faed1bd0bad3fc2bd8f6e5d15b976b8e832dd46874be72b994bc57a62a0"
    },
    "length": 18
   },
   "/BCU1.2.txt": {
    "custom": {
     "ecu_serial": "BCUdemocar",
     "hardware_id": "bad_bcu",
     "release_counter": 0
    },
    "hashes": {
     "sha256": "42914dc1509923fc83b6945cbaaec193a22077ae3bb799e84b900570715fcb5a",
     "sha512": "f213f63b79b05e3ea2045ffe198ab75a993ca5b2709a2e1eac5f18a1a6be1b5eb6af9964b78d388b404414e296b046228f9b68eb75db684eed75b509518a77a5"
    },
    "length": 18
   },
   "/TCU1.1.txt": {
    "custom": {
     "ecu_serial": "TCUdemocar",
     "hardware_id": "tcu",
     "release_counter": 1
    },
    "hashes": {
     "sha256": "56d7cd56a85e34e40d005e1f79c0e95d6937d5528ac0b301dbe68d57e03a5c21",
     "sha512": "94d7419b8606103f363aa17feb875575a978df8e88038ea284ff88d90e534eaa7218040384b19992cc7866f5eca803e1654c9ccdf3b250d6198b3c4731216db4"
    },
    "length": 17
   }
  },
  "version": 1
 }
}