{
 "signatures": [
  {
   "keyid": "aaf05f8d054f8068bf6cb46beed7c824e2560802df462fc8681677586582ca99",
   "method": "ed25519",
   "sig": "7126f18d0a66db4a430a156d5b75907fcd751f27620440cd40356504bb5dd815b3c9244cc7ac2e544bda95b0882672d5ba417885980d341f54cab9eb9210300b"
  }
 ],
 "signed": {
  "_type": "Snapshot",
  "expires": "2018-07-28T03:34:06Z",
  "meta": {
   "root.json": {
    "hashes": {
     "sha256": "1bf6ee3768f4a62f5921be1ca146cc6a298f939161bc0429d5c75745c426859a"
    },
    "length": 2120,
    "version": 1
   },
   "targets.json": {
    "version": 1
   }
  },
  "version": 1
 }
}