{
 "signatures": [
  {
   "keyid": "f93cfcf33d335ff43654ec6047e0a18dd5595ee3de53136b94c9c756788a0f97",
   "method": "ed25519",
   "sig": "517a2640081322fe27d034b432fea08552b0b99d77a1a0661fc9451a469609d9a14e3e0b701e6596646b33f329adbaa395e7d405a3e1af2deb8bbea40a800b0f"
  }
 ],
 "signed": {
  "_type": "Snapshot",
  "expires": "2037-05-16T17:52:20Z",
  "meta": {
   "root.json": {
    "hashes": {
     "sha256": "71eb0ef14b016f57c48d9aa45f13d154267893e7b2b113083cfac5dc72cad3cc"
    },
    "length": 2120,
    "version": 1
   },
   "targets.json": {
    "version": 2
   }
  },
  "version": 2
 }
}